{
  "epoch": 3,
  "article_idx": 950,
  "total_reward": 667.7766999999999,
  "episode_rewards": [
    0.6882371490280781,
    0.7168075593952484
  ],
  "metrics": {
    "articles_processed": 926,
    "total_reward": 650.5356999999999,
    "avg_reward_per_article": 0.702522354211663,
    "learning_progress": [
      {
        "epoch": 1,
        "articles": 463,
        "reward": 318.65380000000016,
        "avg_reward": 0.6882371490280781
      },
      {
        "epoch": 2,
        "articles": 926,
        "reward": 650.5356999999999,
        "avg_reward": 0.702522354211663
      }
    ]
  },
  "timestamp": "2025-11-15T12:27:45.822829"
}