{
  "epoch": 3,
  "article_idx": 950,
  "total_reward": 250.85419154757452,
  "episode_rewards": [
    0.2636230550566491,
    0.2647047401611299
  ],
  "metrics": {
    "articles_processed": 942,
    "total_reward": 248.8423915475745,
    "avg_reward_per_article": 0.26416389760889014,
    "learning_progress": [
      {
        "epoch": 1,
        "articles": 471,
        "reward": 124.16645893168173,
        "avg_reward": 0.2636230550566491
      },
      {
        "epoch": 2,
        "articles": 942,
        "reward": 248.8423915475745,
        "avg_reward": 0.26416389760889014
      }
    ]
  },
  "timestamp": "2025-11-15T15:41:04.755578"
}