{
  "epoch": 2,
  "article_idx": 900,
  "total_reward": 665.5786999999999,
  "episode_rewards": [
    0.7211181623931627
  ],
  "metrics": {
    "articles_processed": 468,
    "total_reward": 337.48330000000016,
    "avg_reward_per_article": 0.7211181623931627,
    "learning_progress": [
      {
        "epoch": 1,
        "articles": 468,
        "reward": 337.48330000000016,
        "avg_reward": 0.7211181623931627
      }
    ]
  },
  "timestamp": "2025-11-15T13:10:36.533813"
}