{
  "epoch": 3,
  "article_idx": 1150,
  "total_reward": 861.822,
  "episode_rewards": [
    0.7211181623931627,
    0.7626403846153846
  ],
  "metrics": {
    "articles_processed": 936,
    "total_reward": 694.3989999999998,
    "avg_reward_per_article": 0.7418792735042733,
    "learning_progress": [
      {
        "epoch": 1,
        "articles": 468,
        "reward": 337.48330000000016,
        "avg_reward": 0.7211181623931627
      },
      {
        "epoch": 2,
        "articles": 936,
        "reward": 694.3989999999998,
        "avg_reward": 0.7418792735042733
      }
    ]
  },
  "timestamp": "2025-11-15T13:11:25.328292"
}