{
  "epoch": 1,
  "article_idx": 453,
  "total_reward": 419.3794,
  "episode_rewards": [
    0.9257823399558498
  ],
  "metrics": {
    "articles_processed": 453,
    "total_reward": 419.3794,
    "avg_reward_per_article": 0.9257823399558498,
    "learning_progress": [
      {
        "epoch": 1,
        "articles": 453,
        "reward": 419.3794,
        "avg_reward": 0.9257823399558498
      }
    ]
  },
  "timestamp": "2025-11-15T13:47:31.146769"
}