{
  "epoch": 2,
  "article_idx": 800,
  "total_reward": 107.21590927031939,
  "episode_rewards": [
    0.133701732162296
  ],
  "metrics": {
    "articles_processed": 464,
    "total_reward": 62.03760372330534,
    "avg_reward_per_article": 0.133701732162296,
    "learning_progress": [
      {
        "epoch": 1,
        "articles": 464,
        "reward": 62.03760372330534,
        "avg_reward": 0.133701732162296
      }
    ]
  },
  "timestamp": "2025-11-16T14:42:43.573302"
}