{
  "epoch": 2,
  "article_idx": 700,
  "total_reward": 489.99090000000007,
  "episode_rewards": [
    0.6882371490280781
  ],
  "metrics": {
    "articles_processed": 463,
    "total_reward": 318.65380000000016,
    "avg_reward_per_article": 0.6882371490280781,
    "learning_progress": [
      {
        "epoch": 1,
        "articles": 463,
        "reward": 318.65380000000016,
        "avg_reward": 0.6882371490280781
      }
    ]
  },
  "timestamp": "2025-11-15T12:26:52.817178"
}