{
  "epoch": 2,
  "article_idx": 700,
  "total_reward": 669.6034999999999,
  "episode_rewards": [
    0.9328995584988963
  ],
  "metrics": {
    "articles_processed": 453,
    "total_reward": 422.6035,
    "avg_reward_per_article": 0.9328995584988963,
    "learning_progress": [
      {
        "epoch": 1,
        "articles": 453,
        "reward": 422.6035,
        "avg_reward": 0.9328995584988963
      }
    ]
  },
  "timestamp": "2025-11-15T13:36:03.307221"
}