{
  "epoch": 2,
  "article_idx": 850,
  "total_reward": 224.61175980011464,
  "episode_rewards": [
    0.2636230550566491
  ],
  "metrics": {
    "articles_processed": 471,
    "total_reward": 124.16645893168173,
    "avg_reward_per_article": 0.2636230550566491,
    "learning_progress": [
      {
        "epoch": 1,
        "articles": 471,
        "reward": 124.16645893168173,
        "avg_reward": 0.2636230550566491
      }
    ]
  },
  "timestamp": "2025-11-15T15:37:56.563574"
}