{
  "epoch": 3,
  "article_idx": 1250,
  "total_reward": 166.71320240516127,
  "episode_rewards": [
    0.133701732162296,
    0.1334388011278131
  ],
  "metrics": {
    "articles_processed": 928,
    "total_reward": 123.95320744661139,
    "avg_reward_per_article": 0.13357026664505536,
    "learning_progress": [
      {
        "epoch": 1,
        "articles": 464,
        "reward": 62.03760372330534,
        "avg_reward": 0.133701732162296
      },
      {
        "epoch": 2,
        "articles": 928,
        "reward": 123.95320744661139,
        "avg_reward": 0.13357026664505536
      }
    ]
  },
  "timestamp": "2025-11-16T14:42:44.682396"
}