{
  "epoch": 4,
  "article_idx": 1856,
  "total_reward": 247.92241489322035,
  "episode_rewards": [
    0.133701732162296,
    0.1334388011278131,
    0.13355949078298557,
    0.13361552526574427
  ],
  "metrics": {
    "articles_processed": 1856,
    "total_reward": 247.92241489322035,
    "avg_reward_per_article": 0.13357888733470924,
    "learning_progress": [
      {
        "epoch": 1,
        "articles": 464,
        "reward": 62.03760372330534,
        "avg_reward": 0.133701732162296
      },
      {
        "epoch": 2,
        "articles": 928,
        "reward": 123.95320744661139,
        "avg_reward": 0.13357026664505536
      },
      {
        "epoch": 3,
        "articles": 1392,
        "reward": 185.92481116991598,
        "avg_reward": 0.1335666746910316
      },
      {
        "epoch": 4,
        "articles": 1856,
        "reward": 247.92241489322035,
        "avg_reward": 0.13357888733470924
      }
    ]
  },
  "timestamp": "2025-11-16T14:42:46.402643"
}