{
  "total_epochs": 3,
  "total_articles": 1389,
  "final_reward": 989.7861999999992,
  "episode_rewards": [
    0.6882371490280781,
    0.7168075593952484,
    0.7327224622030244
  ],
  "metrics": {
    "articles_processed": 1389,
    "total_reward": 989.7861999999992,
    "avg_reward_per_article": 0.7125890568754494,
    "learning_progress": [
      {
        "epoch": 1,
        "articles": 463,
        "reward": 318.65380000000016,
        "avg_reward": 0.6882371490280781
      },
      {
        "epoch": 2,
        "articles": 926,
        "reward": 650.5356999999999,
        "avg_reward": 0.702522354211663
      },
      {
        "epoch": 3,
        "articles": 1389,
        "reward": 989.7861999999992,
        "avg_reward": 0.7125890568754494
      }
    ]
  },
  "config": {
    "embedding_dim": 512,
    "vocab_size": 32000,
    "tokenizer": {
      "model_type": "bpe",
      "max_length": 512
    },
    "embedding": {
      "use_positional_encoding": true,
      "positional_encoding_type": "learned"
    },
    "attention": {
      "num_heads": 8,
      "dropout": 0.1
    },
    "vision": {
      "image_size": 224,
      "patch_size": 16,
      "num_layers": 6
    },
    "memory": {
      "working_memory_capacity": 100,
      "episodic_memory_capacity": 10000,
      "consolidation_threshold": 0.65
    },
    "control": {
      "max_active_modules": 5,
      "use_adaptive_routing": true,
      "learning_rate": 0.01
    }
  },
  "completed_at": "2025-11-15T12:29:22.901807"
}