{
  "epoch": 3,
  "article_idx": 1404,
  "total_reward": 1064.2762999999995,
  "episode_rewards": [
    0.7211181623931627,
    0.7626403846153846,
    0.7903361111111118
  ],
  "metrics": {
    "articles_processed": 1404,
    "total_reward": 1064.2762999999995,
    "avg_reward_per_article": 0.7580315527065524,
    "learning_progress": [
      {
        "epoch": 1,
        "articles": 468,
        "reward": 337.48330000000016,
        "avg_reward": 0.7211181623931627
      },
      {
        "epoch": 2,
        "articles": 936,
        "reward": 694.3989999999998,
        "avg_reward": 0.7418792735042733
      },
      {
        "epoch": 3,
        "articles": 1404,
        "reward": 1064.2762999999995,
        "avg_reward": 0.7580315527065524
      }
    ]
  },
  "timestamp": "2025-11-15T13:12:14.650532"
}