{
  "epoch": 3,
  "article_idx": 1359,
  "total_reward": 1328.6035,
  "episode_rewards": [
    0.9328995584988963,
    1.0,
    1.0
  ],
  "metrics": {
    "articles_processed": 1359,
    "total_reward": 1328.6035,
    "avg_reward_per_article": 0.9776331861662987,
    "learning_progress": [
      {
        "epoch": 1,
        "articles": 453,
        "reward": 422.6035,
        "avg_reward": 0.9328995584988963
      },
      {
        "epoch": 2,
        "articles": 906,
        "reward": 875.6034999999999,
        "avg_reward": 0.9664497792494481
      },
      {
        "epoch": 3,
        "articles": 1359,
        "reward": 1328.6035,
        "avg_reward": 0.9776331861662987
      }
    ]
  },
  "timestamp": "2025-11-15T13:37:10.457121"
}