{
  "reward_progression": [],
  "comprehension_scores": [],
  "correct_answers": [],
  "learning_rate": [],
  "epoch": [
    1,
    2,
    3,
    4,
    5
  ],
  "avg_reward": [
    0.133701732162296,
    0.1334388011278131,
    0.13355949078298557,
    0.13361552526574427,
    0.13341724940367516
  ],
  "total_reward": [
    62.03760372330534,
    61.91560372330527,
    61.9716037233053,
    61.99760372330534,
    61.905603723305276
  ],
  "articles_processed": [
    464,
    464,
    464,
    464,
    464
  ]
}