{
  "epoch": 3,
  "article_idx": 1100,
  "total_reward": 1069.6035,
  "episode_rewards": [
    0.9328995584988963,
    1.0
  ],
  "metrics": {
    "articles_processed": 906,
    "total_reward": 875.6034999999999,
    "avg_reward_per_article": 0.9664497792494481,
    "learning_progress": [
      {
        "epoch": 1,
        "articles": 453,
        "reward": 422.6035,
        "avg_reward": 0.9328995584988963
      },
      {
        "epoch": 2,
        "articles": 906,
        "reward": 875.6034999999999,
        "avg_reward": 0.9664497792494481
      }
    ]
  },
  "timestamp": "2025-11-15T13:36:44.068483"
}