{
  "epoch": 2,
  "article_idx": 750,
  "total_reward": 99.864883507933,
  "episode_rewards": [
    0.13327898120719564
  ],
  "metrics": {
    "articles_processed": 465,
    "total_reward": 61.97472626134597,
    "avg_reward_per_article": 0.13327898120719564,
    "learning_progress": [
      {
        "epoch": 1,
        "articles": 465,
        "reward": 61.97472626134597,
        "avg_reward": 0.13327898120719564
      }
    ]
  },
  "timestamp": "2025-11-16T13:54:04.146619"
}