{
  "epoch": 4,
  "article_idx": 1700,
  "total_reward": 227.0600439872974,
  "episode_rewards": [
    0.133701732162296,
    0.1334388011278131,
    0.13355949078298557
  ],
  "metrics": {
    "articles_processed": 1392,
    "total_reward": 185.92481116991598,
    "avg_reward_per_article": 0.1335666746910316,
    "learning_progress": [
      {
        "epoch": 1,
        "articles": 464,
        "reward": 62.03760372330534,
        "avg_reward": 0.133701732162296
      },
      {
        "epoch": 2,
        "articles": 928,
        "reward": 123.95320744661139,
        "avg_reward": 0.13357026664505536
      },
      {
        "epoch": 3,
        "articles": 1392,
        "reward": 185.92481116991598,
        "avg_reward": 0.1335666746910316
      }
    ]
  },
  "timestamp": "2025-11-16T14:42:45.967239"
}