{
  "reward_progression": [],
  "comprehension_scores": [],
  "correct_answers": [],
  "learning_rate": [],
  "epoch": [
    1,
    2,
    3,
    4,
    5
  ],
  "avg_reward": [
    0.2636230550566491,
    0.2647047401611299,
    0.2642291562970112,
    0.26506142805921906,
    0.26460282933310475
  ],
  "total_reward": [
    124.16645893168173,
    124.67593261589218,
    124.45193261589229,
    124.84393261589219,
    124.62793261589235
  ],
  "articles_processed": [
    471,
    471,
    471,
    471,
    471
  ]
}